Activities,,hours_per_day,growth_collection,,,processing,,,preparation,,,material,,,energy,,,things,,,buildings,,,infrastructure,,,inhabited,,,waste,,,sleep,,,hygiene_grooming,,,childcare,,,adultcare,,,moving_things,,,moving_people,,,allocation,,,education_research,,,meals,,,active_rec,,,religious,,,social,,,interactive,,,passive,,,work_employment,,,work_other,,,unknown,,
,,,m,l,h,m,l,h,m,l,h,m,l,h,m,l,h,m,l,h,m,l,h,m,l,h,m,l,h,m,l,h,m,l,h,m,l,h,m,l,h,m,l,h,m,l,h,m,l,h,m,l,h,m,l,h,m,l,h,m,l,h,m,l,h,m,l,h,m,l,h,m,l,h,m,l,h,m,l,h,m,l,h
tier1,tier2,0,0,,,0,,,0,,,0,,,0,,,0,,,0,,,0,,,0,,,0,,,0,,,0,,,0,,,0,,,0,,,0,,,0,,,0,,,0,,,0,,,0,,,0,,,0,,,0,,,0,,,0,,,0,,
,"crop and animal production, hunting and related service activities",,0.95,0.9,1,,,,,,,0.05,0,0.1,,,,,,,,,,,,,,,,,,,,,,,,,,,,,,,,,,,,,,,,,,,,,,,,,,,,,,,,,,,,,,,,,,,,,
,fishing and aquaculture,,1,1,1,,,,,,,,,,,,,,,,,,,,,,,,,,,,,,,,,,,,,,,,,,,,,,,,,,,,,,,,,,,,,,,,,,,,,,,,,,,,,,
,extraction of crude petroleum and natural gas,,,,,,,,,,,0.03,0.01,0.05,0.97,0.95,0.99,,,,,,,,,,,,,,,,,,,,,,,,,,,,,,,,,,,,,,,,,,,,,,,,,,,,,,,,,,,,,,,,,,
,mining of metal ores,,,,,,,,,,,0.95,0.9,1,0.05,0,0.1,,,,,,,,,,,,,,,,,,,,,,,,,,,,,,,,,,,,,,,,,,,,,,,,,,,,,,,,,,,,,,,,,,
,other mining and quarrying,,,,,,,,,,,0.99,0.98,1,0.01,0,0.02,,,,,,,,,,,,,,,,,,,,,,,,,,,,,,,,,,,,,,,,,,,,,,,,,,,,,,,,,,,,,,,,,,
,manufacture of food products,,0.01,0,0.02,0.99,0.98,1,,,,,,,,,,,,,,,,,,,,,,,,,,,,,,,,,,,,,,,,,,,,,,,,,,,,,,,,,,,,,,,,,,,,,,,,,,,
,manufacture of beverages,,,,,1,1,1,,,,,,,,,,,,,,,,,,,,,,,,,,,,,,,,,,,,,,,,,,,,,,,,,,,,,,,,,,,,,,,,,,,,,,,,,,,
,manufacture of tobacco products,,,,,,,,,,,,,,,,,1,1,1,,,,,,,,,,,,,,,,,,,,,,,,,,,,,,,,,,,,,,,,,,,,,,,,,,,,,,,,,,,,,,,
,manufacture of textiles,,,,,,,,,,,,,,,,,1,1,1,,,,,,,,,,,,,,,,,,,,,,,,,,,,,,,,,,,,,,,,,,,,,,,,,,,,,,,,,,,,,,,
,manufacture of wearing apparel,,,,,,,,,,,,,,,,,1,1,1,,,,,,,,,,,,,,,,,,,,,,,,,,,,,,,,,,,,,,,,,,,,,,,,,,,,,,,,,,,,,,,
,manufacture of leather and related products,,,,,,,,,,,,,,,,,1,1,1,,,,,,,,,,,,,,,,,,,,,,,,,,,,,,,,,,,,,,,,,,,,,,,,,,,,,,,,,,,,,,,
,"manufacture of wood and of products of wood and cork, except furniture; manufacture of articles of straw and plaiting materials",,,,,,,,,,,,,,,,,1,1,1,,,,,,,,,,,,,,,,,,,,,,,,,,,,,,,,,,,,,,,,,,,,,,,,,,,,,,,,,,,,,,,
,manufacture of paper and paper products,,,,,,,,,,,,,,,,,1,1,1,,,,,,,,,,,,,,,,,,,,,,,,,,,,,,,,,,,,,,,,,,,,,,,,,,,,,,,,,,,,,,,
,printing and reproduction of recorded media,,,,,,,,,,,,,,,,,1,1,1,,,,,,,,,,,,,,,,,,,,,,,,,,,,,,,,,,,,,,,,,,,,,,,,,,,,,,,,,,,,,,,
,manufacture of coke and refined petroleum products,,,,,,,,,,,,,,1,1,1,,,,,,,,,,,,,,,,,,,,,,,,,,,,,,,,,,,,,,,,,,,,,,,,,,,,,,,,,,,,,,,,,,
,manufacture of chemicals and chemical products,,,,,,,,,,,,,,,,,1,1,1,,,,,,,,,,,,,,,,,,,,,,,,,,,,,,,,,,,,,,,,,,,,,,,,,,,,,,,,,,,,,,,
,"manufacture of pharmaceuticals, medicinal chemical and botanical products",,,,,,,,,,,,,,,,,1,1,1,,,,,,,,,,,,,,,,,,,,,,,,,,,,,,,,,,,,,,,,,,,,,,,,,,,,,,,,,,,,,,,
,manufacture of rubber and plastics products,,,,,,,,,,,,,,,,,1,1,1,,,,,,,,,,,,,,,,,,,,,,,,,,,,,,,,,,,,,,,,,,,,,,,,,,,,,,,,,,,,,,,
,manufacture of other non-metallic mineral products,,,,,,,,,,,,,,,,,1,1,1,,,,,,,,,,,,,,,,,,,,,,,,,,,,,,,,,,,,,,,,,,,,,,,,,,,,,,,,,,,,,,,
,manufacture of basic metals,,,,,,,,,,,,,,,,,1,1,1,,,,,,,,,,,,,,,,,,,,,,,,,,,,,,,,,,,,,,,,,,,,,,,,,,,,,,,,,,,,,,,
,"manufacture of fabricated metal products, except machinery and equipment",,,,,,,,,,,,,,,,,1,1,1,,,,,,,,,,,,,,,,,,,,,,,,,,,,,,,,,,,,,,,,,,,,,,,,,,,,,,,,,,,,,,,
,manufacture of electrical equipment,,,,,,,,,,,,,,,,,1,1,1,,,,,,,,,,,,,,,,,,,,,,,,,,,,,,,,,,,,,,,,,,,,,,,,,,,,,,,,,,,,,,,
,manufacture of machinery and equipment n.e.c.,,,,,,,,,,,,,,,,,1,1,1,,,,,,,,,,,,,,,,,,,,,,,,,,,,,,,,,,,,,,,,,,,,,,,,,,,,,,,,,,,,,,,
,manufacture of other transport equipment,,,,,,,,,,,,,,,,,1,1,1,,,,,,,,,,,,,,,,,,,,,,,,,,,,,,,,,,,,,,,,,,,,,,,,,,,,,,,,,,,,,,,
,manufacture of furniture,,,,,,,,,,,,,,,,,1,1,1,,,,,,,,,,,,,,,,,,,,,,,,,,,,,,,,,,,,,,,,,,,,,,,,,,,,,,,,,,,,,,,
,other manufacturing,,,,,,,,,,,,,,,,,1,1,1,,,,,,,,,,,,,,,,,,,,,,,,,,,,,,,,,,,,,,,,,,,,,,,,,,,,,,,,,,,,,,,
,repair and installation of machinery and equipment,,,,,,,,,,,,,,,,,1,1,1,,,,,,,,,,,,,,,,,,,,,,,,,,,,,,,,,,,,,,,,,,,,,,,,,,,,,,,,,,,,,,,
,"electricity, gas, steam and air conditioning supply",,,,,,,,,,,,,,1,1,1,,,,,,,,,,,,,,,,,,,,,,,,,,,,,,,,,,,,,,,,,,,,,,,,,,,,,,,,,,,,,,,,,,
,"water collection, treatment and supply",,1,1,1,,,,,,,,,,,,,,,,,,,,,,,,,,,,,,,,,,,,,,,,,,,,,,,,,,,,,,,,,,,,,,,,,,,,,,,,,,,,,,
,"waste collection, treatment and disposal activities; materials recovery",,,,,,,,,,,,,,,,,,,,,,,,,,,,,1,1,1,,,,,,,,,,,,,,,,,,,,,,,,,,,,,,,,,,,,,,,,,,,,,,,,,,,
,construction of buildings,,,,,,,,,,,,,,,,,,,,1,1,1,,,,,,,,,,,,,,,,,,,,,,,,,,,,,,,,,,,,,,,,,,,,,,,,,,,,,,,,,,,,
,civil engineering,,,,,,,,,,,,,,,,,,,,,,,1,1,1,,,,,,,,,,,,,,,,,,,,,,,,,,,,,,,,,,,,,,,,,,,,,,,,,,,,,,,,,
,specialized construction activities,,,,,,,,,,,,,,,,,,,,0.75,0.55,0.95,0.25,0.05,0.45,,,,,,,,,,,,,,,,,,,,,,,,,,,,,,,,,,,,,,,,,,,,,,,,,,,,,,,,,
,wholesale and retail trade and repair of motor vehicles and motorcycles,,,,,,,,,,,,,,,,,0.2,0.1,0.3,,,,,,,,,,,,,,,,,,,,,,,,,,,,,,,0.8,0.7,0.9,,,,,,,,,,,,,,,,,,,,,,,,,,,,,,
,"wholesale trade, except of motor vehicles and motorcycles",,,,,,,,,,,,,,,,,,,,,,,,,,,,,,,,,,,,,,,,,,,,,,,,,,1,1,1,,,,,,,,,,,,,,,,,,,,,,,,,,,,,,
,"retail trade, except of motor vehicles and motorcycles",,,,,,,,,,,,,,,,,,,,,,,,,,,,,,,,,,,,,,,,,,,,,,,,,,1,1,1,,,,,,,,,,,,,,,,,,,,,,,,,,,,,,
,land transport and transport via pipelines,,,,,,,,,,,,,,,,,,,,,,,,,,,,,,,,,,,,,,,,,,,,0.85,0.75,0.95,0.15,0.05,0.25,,,,,,,,,,,,,,,,,,,,,,,,,,,,,,,,,
,water transport,,,,,,,,,,,,,,,,,,,,,,,,,,,,,,,,,,,,,,,,,,,,0.7,0.55,0.85,0.3,0.15,0.45,,,,,,,,,,,,,,,,,,,,,,,,,,,,,,,,,
,air transport,,,,,,,,,,,,,,,,,,,,,,,,,,,,,,,,,,,,,,,,,,,,0.1,0.05,0.15,0.9,0.85,0.95,,,,,,,,,,,,,,,,,,,,,,,,,,,,,,,,,
,warehousing and support activities for transportation,,,,,,,,,,,,,,,,,,,,,,,0.05,0,0.1,,,,,,,,,,,,,,,,,,,0.95,0.9,1,,,,,,,,,,,,,,,,,,,,,,,,,,,,,,,,,,,,
,postal and courier activities,,,,,,,,,,,,,,,,,,,,,,,,,,,,,,,,,,,,,,,,,,,,1,1,1,,,,,,,,,,,,,,,,,,,,,,,,,,,,,,,,,,,,
,accommodation,,,,,,,,,,,,,,,,,,,,,,,,,,1,1,1,,,,,,,,,,,,,,,,,,,,,,,,,,,,,,,,,,,,,,,,,,,,,,,,,,,,,,
,food and beverage service activities,,,,,,,,1,1,1,,,,,,,,,,,,,,,,,,,,,,,,,,,,,,,,,,,,,,,,,,,,,,,,,,,,,,,,,,,,,,,,,,,,,,,,
,publishing activities,,,,,,,,,,,,,,,,,,,,,,,,,,,,,,,,,,,,,,,,,,,,,,,,,,,,,,,,,,,,,,,,,,,,,,,1,1,1,,,,,,,,,
,"motion picture, video and television programme production, sound recording and music publishing activities",,,,,,,,,,,,,,,,,,,,,,,,,,,,,,,,,,,,,,,,,,,,,,,,,,,,,,,,,,,,,,,,,,,,,,,1,1,1,,,,,,,,,
,programming and broadcasting activities,,,,,,,,,,,,,,,,,,,,,,,,,,,,,,,,,,,,,,,,,,,,,,,,,,,,,,,,,,,,,,,,,,,,,,,1,1,1,,,,,,,,,
,telecommunications,,,,,,,,,,,,,,,,,,,,,,,,,,,,,,,,,,,,,,,,,,,,1,1,1,,,,,,,,,,,,,,,,,,,,,,,,,,,,,,,,,,,,
,"computer programming, consultancy and related activities",,,,,,,,,,,,,,,,,1,1,1,,,,,,,,,,,,,,,,,,,,,,,,,,,,,,,,,,,,,,,,,,,,,,,,,,,,,,,,,,,,,,,
,"financial service activities, except insurance and pension funding",,,,,,,,,,,,,,,,,,,,,,,,,,,,,,,,,,,,,,,,,,,,,,,,,,1,1,1,,,,,,,,,,,,,,,,,,,,,,,,,,,,,,
,"insurance, reinsurance and pension funding, except compulsory social security",,,,,,,,,,,,,,,,,,,,,,,,,,,,,,,,,,,,,,,,,,,,,,,,,,1,1,1,,,,,,,,,,,,,,,,,,,,,,,,,,,,,,
,activities auxiliary to financial service and insurance activities,,,,,,,,,,,,,,,,,,,,,,,,,,,,,,,,,,,,,,,,,,,,,,,,,,1,1,1,,,,,,,,,,,,,,,,,,,,,,,,,,,,,,
,real estate activities,,,,,,,,,,,,,,,,,,,,,,,,,,,,,,,,,,,,,,,,,,,,,,,,,,1,1,1,,,,,,,,,,,,,,,,,,,,,,,,,,,,,,
,legal and accounting activities,,,,,,,,,,,,,,,,,,,,,,,,,,,,,,,,,,,,,,,,,,,,,,,,,,1,1,1,,,,,,,,,,,,,,,,,,,,,,,,,,,,,,
,activities of head offices; management consultancy activities,,,,,,,,,,,,,,,,,,,,,,,,,,,,,,,,,,,,,,,,,,,,,,,,,,1,1,1,,,,,,,,,,,,,,,,,,,,,,,,,,,,,,
,architectural and engineering activities; technical testing and analysis,,,,,,,,,,,,,,,,,,,,0.5,0.1,0.9,0.5,0.1,0.9,,,,,,,,,,,,,,,,,,,,,,,,,,,,,,,,,,,,,,,,,,,,,,,,,,,,,,,,,
,scientific research and development,,,,,,,,,,,,,,,,,,,,,,,,,,,,,,,,,,,,,,,,,,,,,,,,,,,,,1,1,1,,,,,,,,,,,,,,,,,,,,,,,,,,,
,advertising and market research,,,,,,,,,,,,,,,,,,,,,,,,,,,,,,,,,,,,,,,,,,,,,,,,,,1,1,1,,,,,,,,,,,,,,,,,,,,,,,,,,,,,,
,"other professional, scientific and technical activities",,0.1,0,0.2,,,,,,,,,,,,,0.1,0,0.2,,,,,,,0.1,0,0.2,,,,,,,,,,,,,,,,,,,,,,0.5,0.3,0.7,0.2,0.05,0.35,,,,,,,,,,,,,0.5,0.1,0.9,,,,,,,,,,,,
,veterinary activities,,0.5,0.15,0.85,,,,,,,,,,,,,,,,,,,,,,0.5,0.15,0.85,,,,,,,,,,,,,,,,,,,,,,,,,,,,,,,,,,,,,,,,,,,,,,,,,,,,,,
,"travel agency, tour operator, reservation service and related activities",,,,,,,,,,,,,,,,,,,,,,,,,,,,,,,,,,,,,,,,,,,,,,,1,1,1,,,,,,,,,,,,,,,,,,,,,,,,,,,,,,,,,
,security and investigation activities,,,,,,,,,,,,,,,,,,,,,,,,,,,,,,,,,,,,,,,,,,,,,,,,,,1,1,1,,,,,,,,,,,,,,,,,,,,,,,,,,,,,,
,services to buildings and landscape activities,,,,,,,,,,,,,,,,,,,,0.3,0.05,0.7,,,,0.7,0.3,0.95,,,,,,,,,,,,,,,,,,,,,,,,,,,,,,,,,,,,,,,,,,,,,,,,,,,,,,
,"office administrative, office support and other business support activities",,,,,,,,,,,,,,,,,,,,,,,,,,,,,,,,,,,,,,,,,,,,,,,,,,1,1,1,,,,,,,,,,,,,,,,,,,,,,,,,,,,,,
,public administration and defence; compulsory social security,,,,,,,,,,,,,,,,,,,,,,,,,,,,,,,,,,,,,,,,,,,,,,,,,,1,1,1,,,,,,,,,,,,,,,,,,,,,,,,,,,,,,
,education,,,,,,,,,,,,,,,,,,,,,,,,,,,,,,,,,,,,,,,,,,,,,,,,,,,,,1,1,1,,,,,,,,,,,,,,,,,,,,,,,,,,,
,human health activities,,,,,,,,,,,,,,,,,,,,,,,,,,,,,,,,,,,,,,,,,1,1,1,,,,,,,,,,,,,,,,,,,,,,,,,,,,,,,,,,,,,,,
,residential care activities,,,,,,,,0.1,0.05,0.15,,,,,,,,,,,,,,,,0.3,0.1,0.5,,,,,,,,,,,,,0.6,0.3,0.8,,,,,,,,,,,,,,,,,,,,,,,,,,,,,,,,,,,,,,,
,"creative, arts and entertainment activities",,,,,,,,,,,,,,,,,,,,,,,,,,,,,,,,,,,,,,,,,,,,,,,,,,,,,,,,,,,,,,,,,,,,0.8,0.7,0.9,0.2,0.1,0.3,,,,,,,,,
,"libraries, archives, museums and other cultural activities",,,,,,,,,,,,,,,,,,,,,,,,,,,,,,,,,,,,,,,,,,,,,,,,,,,,,,,,,,,,,,,,,,,,0.8,0.7,0.9,0.2,0.1,0.3,,,,,,,,,
,gambling and betting activities,,,,,,,,,,,,,,,,,,,,,,,,,,,,,,,,,,,,,,,,,,,,,,,,,,,,,,,,,,,,,,,,,,,,1,1,1,,,,,,,,,,,,
,sports activities and amusement and recreation activities,,,,,,,,,,,,,,,,,,,,,,,,,,,,,,,,,,,,,,,,,,,,,,,,,,,,,,,,,,,0.5,0.3,0.7,,,,,,,0.5,0.3,0.7,,,,,,,,,,,,
,activities of membership organizations,,,,,,,,,,,,,,,,,,,,,,,,,,,,,,,,,,,,,,,,,,,,,,,,,,0.8,0.65,0.95,,,,,,,,,,0.2,0.05,0.35,,,,,,,,,,,,,,,,,,
,repair of computers and personal and household goods,,,,,,,,,,,,,,,,,1,1,1,,,,,,,,,,,,,,,,,,,,,,,,,,,,,,,,,,,,,,,,,,,,,,,,,,,,,,,,,,,,,,,
,other personal service activities,,,,,,,,,,,,,,,,,,,,,,,,,,0.5,0.1,0.9,,,,,,,0.5,0.1,0.9,,,,,,,,,,,,,,,,,,,,,,,,,,,,,,,,,,,,,,,,,,,,,
,activities of households as employers of domestic personnel,,,,,,,,0.1,0.05,0.2,,,,,,,,,,,,,,,,0.75,0.6,0.95,,,,,,,,,,0.1,0,0.2,,,,,,,,,,,,,0.05,0.01,0.1,,,,,,,,,,,,,,,,,,,,,,,,,,,
,activities of extraterritorial organizations and bodies,,,,,,,,,,,,,,,,,,,,,,,,,,,,,,,,,,,,,,,,,,,,,,,,,,1,1,1,,,,,,,,,,,,,,,,,,,,,,,,,,,,,,
,not elsewhere classified,,,,,,,,,,,,,,,,,,,,,,,,,,,,,,,,,,,,,,,,,,,,,,,,,,,,,,,,,,,,,,,,,,,,,,,,,,,,,,,,1,1,1
,mining of coal and lignite,,,,,,,,,,,,,,1,1,1,,,,,,,,,,,,,,,,,,,,,,,,,,,,,,,,,,,,,,,,,,,,,,,,,,,,,,,,,,,,,,,,,,
,mining support service activities,,,,,,,,,,,0.5,0.1,0.9,0.5,0.1,0.9,,,,,,,,,,,,,,,,,,,,,,,,,,,,,,,,,,,,,,,,,,,,,,,,,,,,,,,,,,,,,,,,,,
,sewerage,,,,,,,,,,,,,,,,,,,,,,,,,,,,,1,1,1,,,,,,,,,,,,,,,,,,,,,,,,,,,,,,,,,,,,,,,,,,,,,,,,,,,
,rental and leasing activities,,,,,,,,,,,,,,,,,,,,,,,,,,,,,,,,,,,,,,,,,,,,,,,,,,1,1,1,,,,,,,,,,,,,,,,,,,,,,,,,,,,,,
,social work activities without accommodation,,,,,,,,,,,,,,,,,,,,,,,,,,,,,,,,,,,,,,0.1,0.03,0.2,,,,,,,,,,,,,0.1,0.03,0.2,,,,,,,,,,0.7,0.5,0.9,,,,0.1,0.03,0.2,,,,,,,,,
,forestry and logging,,,,,,,,,,,0.8,0.65,0.95,0.2,0.05,0.35,,,,,,,,,,,,,,,,,,,,,,,,,,,,,,,,,,,,,,,,,,,,,,,,,,,,,,,,,,,,,,,,,,
,undifferentiated goods- and services-producing activities of private households for own use,,0.2,0,0.4,0.05,0,0.1,0.2,0,0.4,,,,,,,0.1,0,0.2,0.1,0,0.2,,,,0.1,0,0.2,,,,,,,,,,0.1,0,0.2,0.05,0,0.1,,,,,,,,,,0.1,0,0.2,,,,,,,,,,,,,,,,,,,,,,,,,,,
,"manufacture of motor vehicles, trailers and semi-trailers",,,,,,,,,,,,,,,,,1,1,1,,,,,,,,,,,,,,,,,,,,,,,,,,,,,,,,,,,,,,,,,,,,,,,,,,,,,,,,,,,,,,,
,information service activities,,,,,,,,,,,,,,,,,0.5,0.3,0.7,,,,,,,,,,,,,,,,,,,,,,,,,,,,,,,0.5,0.3,0.7,,,,,,,,,,,,,,,,,,,,,,,,,,,,,,
,employment activities,,,,,,,,,,,,,,,,,,,,,,,,,,,,,,,,,,,,,,,,,,,,,,,,,,1,1,1,,,,,,,,,,,,,,,,,,,,,,,,,,,,,,
,"manufacture of computer, electronic and optical products",,,,,,,,,,,,,,,,,1,1,1,,,,,,,,,,,,,,,,,,,,,,,,,,,,,,,,,,,,,,,,,,,,,,,,,,,,,,,,,,,,,,,
,remediation activities and other waste management services,,,,,,,,,,,,,,,,,,,,,,,,,,,,,1,1,1,,,,,,,,,,,,,,,,,,,,,,,,,,,,,,,,,,,,,,,,,,,,,,,,,,,
,activities auxiliary to financial intermediation,,,,,,,,,,,,,,,,,,,,,,,,,,,,,,,,,,,,,,,,,,,,,,,,,,1,1,1,,,,,,,,,,,,,,,,,,,,,,,,,,,,,,
,activities of membership organizations n.e.c.,,,,,,,,,,,,,,,,,,,,,,,,,,,,,,,,,,,,,,,,,,,,,,,,,,1,1,1,,,,,,,,,,,,,,,,,,,,,,,,,,,,,,
,activities of private households as employers of domestic staff,,,,,,,,0.1,0.05,0.2,,,,,,,,,,,,,,,,0.75,0.6,0.95,,,,,,,,,,0.1,0,0.2,,,,,,,,,,,,,0.05,0.01,0.1,,,,,,,,,,,,,,,,,,,,,,,,,,,
,"agriculture, hunting and related service activities",,0.95,0.9,1,,,,,,,0.05,0,0.1,,,,,,,,,,,,,,,,,,,,,,,,,,,,,,,,,,,,,,,,,,,,,,,,,,,,,,,,,,,,,,,,,,,,,
,"collection, purification and distribution of water",,,,,,,,,,,,,,,,,,,,,,,,,,,,,,,,,,,,,,,,,,,,1,1,1,,,,,,,,,,,,,,,,,,,,,,,,,,,,,,,,,,,,
,computer and related activities,,,,,,,,,,,,,,,,,1,1,1,,,,,,,,,,,,,,,,,,,,,,,,,,,,,,,,,,,,,,,,,,,,,,,,,,,,,,,,,,,,,,,
,construction,,,,,,,,,,,,,,,,,,,,0.6,0.3,0.9,0.4,0.7,0.1,,,,,,,,,,,,,,,,,,,,,,,,,,,,,,,,,,,,,,,,,,,,,,,,,,,,,,,,,
,"electricity, gas, steam and hot water supply",,,,,,,,,,,,,,1,1,1,,,,,,,,,,,,,,,,,,,,,,,,,,,,,,,,,,,,,,,,,,,,,,,,,,,,,,,,,,,,,,,,,,
,"extraction of crude petroleum and natural gas; service activities incidental to oil and gas extraction, excluding surveying",,,,,,,,,,,0.03,0.01,0.05,0.97,0.05,0.99,,,,,,,,,,,,,,,,,,,,,,,,,,,,,,,,,,,,,,,,,,,,,,,,,,,,,,,,,,,,,,,,,,
,extraterritorial organizations and bodies,,,,,,,,,,,,,,,,,,,,,,,,,,,,,,,,,,,,,,,,,,,,,,,,,,1,1,1,,,,,,,,,,,,,,,,,,,,,,,,,,,,,,
,"financial intermediation, except insurance and pension funding",,,,,,,,,,,,,,,,,,,,,,,,,,,,,,,,,,,,,,,,,,,,,,,,,,1,1,1,,,,,,,,,,,,,,,,,,,,,,,,,,,,,,
,"fishing, aquaculture and service activities incidental to fishing",,1,1,1,,,,,,,,,,,,,,,,,,,,,,,,,,,,,,,,,,,,,,,,,,,,,,,,,,,,,,,,,,,,,,,,,,,,,,,,,,,,,,
,"forestry, logging and related service activities",,,,,,,,,,,0.8,0.65,0.95,0.2,0.05,0.35,,,,,,,,,,,,,,,,,,,,,,,,,,,,,,,,,,,,,,,,,,,,,,,,,,,,,,,,,,,,,,,,,,
,health and social work,,,,,,,,,,,,,,,,,,,,,,,,,,,,,,,,,,,,,,0.1,0,0.2,0.5,0.25,0.75,,,,,,,,,,0.1,0,0.2,,,,,,,,,,,,,0.25,0.05,0.45,0.05,0,0.05,,,,,,,,,
,hotels and restaurants,,,,,,,,0.8,0.65,0.95,,,,,,,,,,,,,,,,0.2,0.05,0.35,,,,,,,,,,,,,,,,,,,,,,,,,,,,,,,,,,,,,,,,,,,,,,,,,,,,,,
,"insurance and pension funding, except compulsory social security",,,,,,,,,,,,,,,,,,,,,,,,,,,,,,,,,,,,,,,,,,,,,,,,,,1,1,1,,,,,,,,,,,,,,,,,,,,,,,,,,,,,,
,land transport; transport via pipelines,,,,,,,,,,,,,,,,,,,,,,,,,,,,,,,,,,,,,,,,,,,,0.85,0.75,0.95,0.15,0.05,0.25,,,,,,,,,,,,,,,,,,,,,,,,,,,,,,,,,
,"manufacture of coke, refined petroleum products and nuclear fuel",,,,,,,,,,,,,,1,1,1,,,,,,,,,,,,,,,,,,,,,,,,,,,,,,,,,,,,,,,,,,,,,,,,,,,,,,,,,,,,,,,,,,
,manufacture of electrical machinery and apparatus n.e.c.,,,,,,,,,,,,,,,,,1,1,1,,,,,,,,,,,,,,,,,,,,,,,,,,,,,,,,,,,,,,,,,,,,,,,,,,,,,,,,,,,,,,,
,manufacture of food products and beverages,,0.01,0,0.02,0.99,0.98,1,,,,,,,,,,,,,,,,,,,,,,,,,,,,,,,,,,,,,,,,,,,,,,,,,,,,,,,,,,,,,,,,,,,,,,,,,,,
,manufacture of furniture; manufacturing n.e.c.,,,,,,,,,,,,,,,,,1,1,1,,,,,,,,,,,,,,,,,,,,,,,,,,,,,,,,,,,,,,,,,,,,,,,,,,,,,,,,,,,,,,,
,"manufacture of medical, precision and optical instruments, watches and clocks",,,,,,,,,,,,,,,,,1,1,1,,,,,,,,,,,,,,,,,,,,,,,,,,,,,,,,,,,,,,,,,,,,,,,,,,,,,,,,,,,,,,,
,"manufacture of office, accounting and computing machinery",,,,,,,,,,,,,,,,,1,1,1,,,,,,,,,,,,,,,,,,,,,,,,,,,,,,,,,,,,,,,,,,,,,,,,,,,,,,,,,,,,,,,
,"manufacture of radio, television and communication equipment and apparatus",,,,,,,,,,,,,,,,,1,1,1,,,,,,,,,,,,,,,,,,,,,,,,,,,,,,,,,,,,,,,,,,,,,,,,,,,,,,,,,,,,,,,
,manufacture of wearing apparel; dressing and dyeing of fur,,,,,,,,,,,,,,,,,1,1,1,,,,,,,,,,,,,,,,,,,,,,,,,,,,,,,,,,,,,,,,,,,,,,,,,,,,,,,,,,,,,,,
,mining of coal and lignite; extraction of peat,,,,,,,,,,,,,,1,1,1,,,,,,,,,,,,,,,,,,,,,,,,,,,,,,,,,,,,,,,,,,,,,,,,,,,,,,,,,,,,,,,,,,
,mining of uranium and thorium ores,,,,,,,,,,,,,,1,1,1,,,,,,,,,,,,,,,,,,,,,,,,,,,,,,,,,,,,,,,,,,,,,,,,,,,,,,,,,,,,,,,,,,
,other business activities,,,,,,,,,,,,,,,,,,,,,,,,,,,,,,,,,,,,,,,,,,,,,,,,,,1,1,1,,,,,,,,,,,,,,,,,,,,,,,,,,,,,,
,other service activities,,,,,,,,,,,,,,,,,,,,,,,,,,0.5,0.1,0.9,,,,,,,0.5,0.1,0.9,,,,,,,,,,,,,,,,,,,,,,,,,,,,,,,,,,,,,,,,,,,,,
,post and telecommunications,,,,,,,,,,,,,,,,,,,,,,,,,,,,,,,,,,,,,,,,,,,,1,1,1,,,,,,,,,,,,,,,,,,,,,,,,,,,,,,,,,,,,
,"publishing, printing and reproduction of recorded media",,,,,,,,,,,,,,,,,,,,,,,,,,,,,,,,,,,,,,,,,,,,,,,,,,,,,,,,,,,,,,,,,,,,,,,1,1,1,,,,,,,,,
,"recreational, cultural and sporting activities",,,,,,,,,,,,,,,,,,,,,,,,,,,,,,,,,,,,,,,,,,,,,,,,,,,,,,,,,,,0.4,0.3,0.5,,,,,,,0.5,0.4,0.6,,,,,,,,,,,,
,recycling,,,,,,,,,,,,,,,,,,,,,,,,,,,,,1,1,1,,,,,,,,,,,,,,,,,,,,,,,,,,,,,,,,,,,,,,,,,,,,,,,,,,,
,renting of machinery and equipment without operator and of personal and household goods,,,,,,,,,,,,,,,,,,,,,,,,,,,,,,,,,,,,,,,,,,,,,,,,,,1,1,1,,,,,,,,,,,,,,,,,,,,,,,,,,,,,,
,research and development,,,,,,,,,,,,,,,,,,,,,,,,,,,,,,,,,,,,,,,,,,,,,,,,,,,,,1,1,1,,,,,,,,,,,,,,,,,,,,,,,,,,,
,"retail trade, except of motor vehicles and motorcycles; repair of personal and household goods",,,,,,,,,,,,,,,,,,,,,,,,,,,,,,,,,,,,,,,,,,,,,,,,,,1,1,1,,,,,,,,,,,,,,,,,,,,,,,,,,,,,,
,"sale, maintenance and repair of motor vehicles and motorcycles; retail sale of automotive fuel",,,,,,,,,,,,,,,,,0.2,0.1,0.3,,,,,,,,,,,,,,,,,,,,,,,,,,,,,,,0.8,0.7,0.9,,,,,,,,,,,,,,,,,,,,,,,,,,,,,,
,"sewage and refuse disposal, sanitation and similar activities",,,,,,,,,,,,,,,,,,,,,,,,,,,,,1,1,1,,,,,,,,,,,,,,,,,,,,,,,,,,,,,,,,,,,,,,,,,,,,,,,,,,,
,supporting and auxiliary transport activities; activities of travel agencies,,,,,,,,,,,,,,,,,,,,,,,,,,,,,,,,,,,,,,,,,,,,0.25,0,0.5,0.75,0.5,1,,,,,,,,,,,,,,,,,,,,,,,,,,,,,,,,,
,"tanning and dressing of leather; manufacture of luggage, handbags, saddlery, harness and footwear",,,,,,,,,,,,,,,,,1,1,1,,,,,,,,,,,,,,,,,,,,,,,,,,,,,,,,,,,,,,,,,,,,,,,,,,,,,,,,,,,,,,,
,undifferentiated goods-producing activities of private households for own use,,0.4,0.1,0.7,0.05,0,0.1,,,,0.15,0.1,0.2,0.2,0.1,0.3,0.1,0.05,0.15,0.1,0.05,0.15,,,,,,,,,,,,,,,,,,,,,,,,,,,,,,,,,,,,,,,,,,,,,,,,,,,,,,,,,,,,
,undifferentiated service-producing activities of private households for own use,,,,,,,,0.25,0.1,0.4,,,,,,,,,,,,,,,,0.25,0.1,0.4,,,,,,,,,,0.2,0.05,0.35,0.05,0,0.1,0.05,0,0.1,,,,,,,0.2,0.05,0.35,,,,,,,,,,,,,,,,,,,,,,,,,,,
,"wholesale trade and commission trade, except of motor vehicles and motorcycles",,,,,,,,,,,,,,,,,,,,,,,,,,,,,,,,,,,,,,,,,,,,,,,,,,1,1,1,,,,,,,,,,,,,,,,,,,,,,,,,,,,,,